{
  "baseline_macro_f1": 0.9811920324961344,
  "bimodal_threshold": {
    "good": 0.88,
    "catastrophic": 0.6
  },
  "bimodal_counts": {
    "Pt_HfOx_Ti": {
      "good_count": 4,
      "catastrophic_count": 1,
      "total": 9,
      "good_ratio": 0.4444444444444444,
      "catastrophic_ratio": 0.1111111111111111,
      "per_noise_f1": [
        0.9603265523910522,
        0.6470354199409485,
        0.9180226922035217,
        0.9599531292915344,
        0.6624221205711365,
        0.04910244047641754,
        0.954484760761261,
        0.7924382090568542,
        0.8763406276702881
      ]
    },
    "Ferroelectric": {
      "good_count": 5,
      "catastrophic_count": 1,
      "total": 9,
      "good_ratio": 0.5555555555555556,
      "catastrophic_ratio": 0.1111111111111111,
      "per_noise_f1": [
        0.9781208038330078,
        0.7976691126823425,
        0.9691035151481628,
        0.9700239300727844,
        0.7834063172340393,
        0.4454506039619446,
        0.9628208875656128,
        0.8480970859527588,
        0.9579371809959412
      ]
    },
    "Metallic_Nanowire": {
      "good_count": 0,
      "catastrophic_count": 9,
      "total": 9,
      "good_ratio": 0.0,
      "catastrophic_ratio": 1.0,
      "per_noise_f1": [
        0.5169711709022522,
        0.3981255888938904,
        0.3929339349269867,
        0.1286318153142929,
        0.28875795006752014,
        0.11861476302146912,
        0.2780500650405884,
        0.41822004318237305,
        0.4189265966415405
      ]
    },
    "TaOx_Ta": {
      "good_count": 5,
      "catastrophic_count": 1,
      "total": 9,
      "good_ratio": 0.5555555555555556,
      "catastrophic_ratio": 0.1111111111111111,
      "per_noise_f1": [
        0.9771468639373779,
        0.8271092176437378,
        0.9755852222442627,
        0.9683131575584412,
        0.7600343227386475,
        0.5513457655906677,
        0.9627717733383179,
        0.8560816049575806,
        0.9745853543281555
      ]
    }
  },
  "paired_stats": {
    "Pt_HfOx_Ti": {
      "ideal_mean": 0.982593317826589,
      "realistic_mean": 0.7577917724847794,
      "mean_diff": -0.22480154534180963,
      "relative_drop_pct": -22.87839142230797
    },
    "Ferroelectric": {
      "ideal_mean": 0.9804848432540894,
      "realistic_mean": 0.856958826382955,
      "mean_diff": -0.1235260168711344,
      "relative_drop_pct": -12.598462660694393
    },
    "Metallic_Nanowire": {
      "ideal_mean": 0.38470302025477093,
      "realistic_mean": 0.32880354755454594,
      "mean_diff": -0.055899472700224995,
      "relative_drop_pct": -14.530552077081529
    },
    "TaOx_Ta": {
      "ideal_mean": 0.9770004351933798,
      "realistic_mean": 0.8725525869263543,
      "mean_diff": -0.10444784826702547,
      "relative_drop_pct": -10.690665480241252
    }
  }
}